"[('test', 0, 1), ('test2', 1, 1)]",[]
[],[]
[],[]
"[('test', 0, 1)]","[('test2', 1, 1)]"
[],[]
[],[]
"[('test2', 1, 1)]",[]
[],"[('test', 0, 1)]"
[],[]
"[('test2', 1, 1)]",[]
[],"[('test', 0, 1)]"
[],[]
"[('test', 0, 1)]","[('test2', 1, 1)]"
[],[]
[],[]
"[('test', 0, 1)]","[('test2', 1, 1)]"
[],[]
[],[]
"[('test', 0, 1)]","[('test2', 1, 1)]"
[],[]
[],[]
"[('test2', 1, 1)]",[]
[],"[('test', 0, 1)]"
[],[]
"[('test2', 1, 1)]",[]
[],"[('test', 0, 1)]"
[],[]
"[('test2', 1, 1), ('test', 0, 1)]",[]
[],[]
[],[]
"[('test2', 1, 1), ('test', 0, 1)]",[]
[],[]
[],[]
"[('test', 0, 1)]","[('test2', 1, 1)]"
[],[]
[],[]
"[('test', 0, 1)]","[('test2', 1, 1)]"
[],[]
[],[]
"[('test', 0, 1)]","[('test2', 1, 1)]"
[],[]
[],[]
